"Deskripsi","Nama Hewan","Jenis Hewan"
"Mempunyai bulu berwarna biru gelap mengilap. Burung jantan dewasa berukuran besar, panjangnya dapat mencapai 230 cm, dengan penutup ekor yang sangat panjang berwarna hijau metalik. Di atas kepalanya terdapat jambul tegak biru membentuk kipas. Burung betina berukuran lebih kecil dari burung jantan. Bulu-bulunya tidak mengilap, berwarna coklat kehijauan dengan garis-garis hitam dan tanpa dihiasi bulu penutup ekor. Pakan terdiri dari aneka biji-bijian, pucuk rumput dan dedaunan, aneka serangga, serta berbagai jenis hewan kecil seperti cacing, laba-laba dan kadal kecil.","Burung Merak","Burung"
"Memiliki indra penciuman dan pendengaran yang ulung, bertelinga bundar, berekor kecil, berbulu yang panjang, lebat dan kasar, Mereka memiliki cakar yang lebar dan berjumlah lima pada telapak tangan yang tak dapat ditarik masuk. Cakar-cakarnya digunakan untuk menyobek, menggali, dan menangkap. Pengelihatan beruang hampir sama dengan pengelihatan manusia. Memiliki empat telapak yang bercakar. Setiap telapak dilengkapi lima cakar yang tajam dan panjang. Kuku tersebut dapat digunakan untuk memanjat pohon, menyobek sarang rayap dan sarang lebah, menggali akar, atau menangkap mangsa, tergantung pada spesiesnya.Berbulu panjang dan kasar. Dengan warna bulu yang bervariasi tergantung pada spesiesnya, ada yang berwarna putih, blonde atau krem, hitam dan putih, sampai hitam semua atau coklat semua. Warna bulu juga bervariasi walaupun mereka masih dalam satu spesies.","Beruang","Mamalia"
"Umumnya berbulu burik, kecoklatan atau abu-abu dengan bercak-bercak hitam dan putih. Dipadukan dengan perilakunya yang kerap mematung dan tidak banyak bergerak, menjadikan burung ini tidak mudah kelihatan, begitu pun ketika tidur di siang hari di bawah lindungan daun-daun. Ekor umumnya pendek, namun sayapnya besar dan lebar. Rentang sayapnya mencapai sekitar tiga kali panjang tubuhnya. Matanya besar dan menghadap ke depan, tak seperti umumnya jenis burung lain yang matanya menghadap ke samping. Bersama paruh yang bengkok tajam seperti paruh elang dan susunan bulu di kepala yang membentuk lingkaran wajah","Burung Hantu","Burung"
"Sanca kembang ini mudah dikenali karena umumnya bertubuh besar. Keluarga sanca (Pythonidae) relatif mudah dibedakan dari ular-ular lain dengan melihat sisik-sisik dorsalnya yang lebih dari 45 deret, dan sisik-sisik ventralnya yang lebih sempit dari lebar sisi bawah tubuhnya. Sanca kembang memiliki pola lingkaran-lingkaran besar berbentuk jala (reticula, jala), tersusun dari warna-warna hitam, kecoklatan, kuning dan putih di sepanjang sisi dorsal tubuhnya. Satu garis hitam tipis berjalan di atas kepala dari moncong hingga tengkuk, menyerupai garis tengah yang membagi dua kanan kiri kepala secara simetris. Dan masing-masing satu garis hitam lain yang lebih tebal berada di tiap sisi kepala, melewati mata ke belakang. Ciri-ciri utama ular adalah bertubuh panjang dan tidak memiliki kaki. Ciri-ciri selanjutnya adalah, ular tidak memiliki indera pendengaran samasekali. Akan tetapi, ular bisa merasakan getaran melalui rahang bawahnya saat menempel di tanah atau di permukaan. Ular tidak memiliki kelopak mata yang dapat di buka-tutup, dan matanya selalu terbuka selama hidupnya. Walaupun begitu, mata ular dilapisi oleh sisik bening yang melindunginya dari kotoran. Ciri utama lainnya adalah, lidah ular bercabang dua dengan masing-masing cabangnya berukuran panjang dan runcing, dan dapat dijulurkan ke luar melalui rongga di tengah bibirnya. Dengan kata lain, ular dapat menjulurkan lidahnya dalam keadaan mulut tertutup rapat. Ular menjulurkan lidahnya untuk mendeteksi bau di udara, sementara hidung ular hanya digunakan untuk bernafas.","Sanca Kembang","Reptil"
"Komodo merupakan kadal terbesar di dunia, dengan rata-rata panjang 2-3 meter dan beratnya bisa mencapai 100 kg. Komodo memiliki ekor yang sama panjang dengan tubuhnya. Meskipun komodo tercatat sebagai kadal terbesar di dunia, namun bukan spesies yang terpanjang. Komodo jantan lebih besar daripada komodo betina, dengan warna kulit dari abu-abu gelap sampai merah batu bata, sementara komodo betina biasanya berwarna hijau kecokelatan dan memiliki bercak kecil kuning pada tenggorokannya. Komodo muda lebih bervariasi warnanya, dengan warna kuning, hijau dan putih dengan latar belakang hitam. Di dalam mulut komodo dewasa, terdapat sekitar 60 buah gigi yang bergerigi tajam sepanjang sekitar 2.5 cm. Komodo memiliki lidah yang panjang, berwarna kuning kecokelatan dan bercabang.","Komodo","Reptil"
"Ikan giru atau lebih dikenal dengan sebutan ikan badut. Di alam bebas mereka bersimbiosis dengan anemon laut. Anemon akan melindungi Ikan badut dari pemangsa dan Ikan badut akan membersihkan Anemon dengan memakan sisa - sisa makanan Anemon. Ikan badut berwarna kuning, jingga, kemerahan atau kehitaman. Spesies terbesar mencapai panjang 18 cm, sementara yang terkecil hanya 6 cm.","Ikan Badut","Ikan"
"Kuda nil memiliki tubuh yang besar dan berat, serta kulit kelabu gelap. Mereka juga memiliki gading besar yang biasa mereka gunakan untuk mempertahankan diri dari predator. Kuda nil memiriki ciri khas tubuh yang besar, mulut dan gigi yang sangat besar, empat kaki yang pendek dan gemuk, serta badan yang hampir tidak berambut. Kuda nil dewasa memiliki berat 1.5 sampai 3 ton. Meskipun bertubuh besar dan berkaki pendek, kuda nil mampu berlari dengan cepat. Untuk jarak pendek, mereka mampu berlari secepat 30 km/jam, lebih cepat dari kecepatan lari manusia pada umumnya. Kuda nil memiliki watak agresif dan dianggap salah satu hewan paling berbahaya di Afrika","Kuda Nil","Mamalia"
"Ikan pari manta (Manta birostris) adalah salah satu spesies ikan pari terbesar di dunia. Lebar tubuhnya dari ujung sirip dada ke ujung sirip lainnya mencapai hampir 7 meter (kemungkinan lebih karena ada laporan yang mengatakan bahwa ada manta yang lebar tubuhnya mencapai 9,1 meter). Manta memiliki fisik yang secara umum mirip dengan kebanyakan ikan pari dengan sirip dada yang lebar serta ekor kecil seperti cambuk. Sirip dadanya yang lebar membuat tubuhnya terlihat pipih. Manta bergerak memakai sirip dadanya dengan cara mengombakkannya dari bagian dekat kepala hingga ke belakang tubuh sehingga saat dilihat, pari manta seolah-olah sedang terbang di dalam laut. Ekor manta sendiri lebih pendek dibandingkan dengan ekor ikan pari kebanyakan dan tidak bersengat. Kulit manta juga diselubungi lapisan lendir yang jauh lebih tebal dibandingkan ikan pari kebanyakan. Ciri khas manta adalah sepasang ""tanduk"" di dekat mulutnya. ""Tanduk"" ini sebenarnya adalah sepasang sirip sefala (kepala) yang membantu memasukkan air laut yang mengandung plankton makanannya dan bisa ditekuk ke dalam mulut.Manta juga memiliki lima pasang celah insang di bagian bawah tubuhnya untuk mengeluarkan air yang masuk melalui mulutnya. Pola warna pada tubuh manta juga bervariasi di mana pada pari manta yang ditemukan di Pasifik timur bagian bawah tubuhnya berwarna dominan hitam, sementara pada jenis pari manta yang ditemukan di Pasifik barat, warna bagian bawah tubuhnya pucat","Ikan Pari Manta","Ikan"
"Ikan Hiu adalah sekelompok (superordo Selachimorpha) ikan dengan kerangka tulang rawan yang lengkap dan tubuh yang ramping. Mereka bernapas dengan menggunakan lima liang insang (kadang-kadang enam atau tujuh, tergantung pada spesiesnya) di samping, atau dimulai sedikit di belakang, kepalanya. Hiu mempunyai tubuh yang dilapisi kulit dermal denticles untuk melindungi kulit mereka dari kerusakan, dari parasit, dan untuk menambah dinamika air.Mereka mempunyai beberapa deret gigi yang dapat digantikan. Mereka mempunyai beberapa deret gigi yang dapat digantikan. Rahang hiu beraneka ragam dan diduga telah berevolusi dari rongga insang yang pertama","Ikan Hiu","Ikan"
"Katak adalah binatang amfibi pemakan serangga yang hidup di air tawar atau di daratan, berkulit licin, berwarna hijau atau merah kecokelat-cokelatan, kaki belakang lebih panjang, pandai melompat dan berenang; sedangkan kodok, nama lain dari bangkong memiliki kulit yang kasar dan berbintil-bintil atau berbingkul-bingkul, kerap kali kering, dan kaki belakangnya sering pendek saja, sehingga kebanyakan bangsa kodok kurang pandai melompat jauh. ","Katak","Amfibi"
"Kepiting adalah binatang berkaki sepuluh, yang dikenal mempunyai ""ekor"" yang sangat pendek atau yang perutnya sama sekali tersembunyi di bawah dada. Tubuh kepiting dilindungi oleh cangkang yang sangat keras, tersusun dari kitin, dan dipersenjatai dengan sepasang capit.  Rajungan adalah kepiting yang hidup di perairan laut dan jarang naik ke pantai, sedangkan yuyu adalah ketam penghuni perairan tawar (sungai dan danau). Kepiting sejati mempunyai lima pasang kaki; sepasang kaki yang pertama dimodifikasi menjadi sepasang capit dan tidak digunakan untuk bergerak. Insang kepiting terbentuk dari pelat-pelat yang pipih, mirip dengan insang udang, namun dengan struktur yang berbeda","Kepiting","Invertebrata"
"Gurita memiliki 8 lengan (bukan tentakel) dengan alat penghisap berupa bulatan-bulatan cekung pada lengan yang digunakan untuk bergerak di dasar laut dan menangkap mangsa. Gurita tidak memiliki cangkang sebagai pelindung di bagian luar seperti halnya Nautilus dan tidak memiliki cangkang dalam atau tulang seperti sotong dan cumi-cumi. Paruh adalah bagian terkeras dari tubuh gurita yang digunakan sebagai rahang untuk membunuh mangsa dan menggigitnya menjadi bagian-bagian kecil. Tubuh yang sangat fleksibel memungkinkan gurita untuk menyelipkan diri pada celah batuan yang sangat sempit di dasar laut, terutama sewaktu melarikan diri dari ikan pemangsa seperti belut laut Moray. Gurita yang kurang dikenal orang dari subordo Cirrata memiliki dua buah sirip dan cangkang dalam sehingga kemampuan untuk menyelip ke dalam ruangan sempit menjadi berkurang. Selubung bagian perut tubuh gurita disebut mantel yang terbuat dari otot dan terlihat seperti kantung. Gurita memiliki tiga buah jantung yang terdiri dari dua buah jantung untuk memompa darah ke dua buah insang dan sebuah jantung untuk memompa darah ke seluruh bagian tubuh. Gurita bergerak dengan cara merangkak atau berenang. Gurita cukup merangkak ditambah sedikit berenang jika ingin bergerak secara perlahan dan hanya berenang jika ingin bergerak cepat-cepat. Gurita berenang dengan semburan air seperti mesin jet yang berasal dari hasil kontraksi bagian mantel, sedangkan arah semburan air diatur dengan menggunakan tabung siphon","Gurita","Invertebrata"
"Ikan tuna adalah perenang andal (pernah diukur mencapai 77 km/jam).  Beberapa spesies tuna yang lebih besar, seperti tuna sirip biru Atlantik (Thunnus thynnus), dapat menaikkan suhu darahnya di atas suhu air dengan aktivitas ototnya. Hal ini menyebabkan mereka dapat hidup di air yang lebih dingin dan dapat bertahan dalam kondisi yang beragam. Tuna memiliki bentuk tubuh yang sedikit banyak mirip dengan torpedo, disebut fusiform, sedikit memipih di sisi-sisinya dan dengan moncong meruncing. Sirip punggung (dorsal) dua berkas, sirip punggung pertama berukuran relatif kecil dan terpisah dari sirip punggung kedua. Sirip ekor bercabang dalam (bercagak) dengan jari-jari penyokong menutup seluruh ujung hipural. Tubuh kebanyakan dengan wilayah barut badan (corselet), yakni bagian di belakang kepala dan di sekitar sirip dada yang ditutupi oleh sisik-sisik yang tebal dan agak besar. Bagian tubuh sisanya bersisik kecil atau tanpa sisik. Ikan tuna madiding ini memiliki bentuk pipih dan memanjang disertai dengan srip punggung bawah dan atas yang panjang serta memiliki warna kekuningan. Sedangkan ikan tuna mata besar ini memiliki sirip punggung atas dan bawah kecil dan memiliki bentuk lebih besar dibandingkan ikan tuna madidihang serta memiliki ciri khusus mata besar. Ikan tuna albakora dan ikan tuna siri biru juga memiliki ciri dan morfologi yang berbeda diantaranya ikan tuna albakora ini memiliki sirip pendek dengan sirip pungggung yang menjang hingga pangkal ekor dan juga berbentuk memanjang dan pipih serta bewarna abu – abu keperakan. Sedangkan ikan tuna sirip biru ini memiliki bentuk mengembung dan jauh lebih besar dibandingkan ikantuna albakora dan memiliki sirip punggung pendek berwarna kebiruan hingga keseluruhan tubuh","Ikan Tuna","Ikan"
"Banteng dapat mencapai tinggi sekitar 1,6m di bagian pundaknya dan panjang badan 2,3 m. Berat banteng jantan biasanya sekitar 680 810 kg,jantan yang sangat besar bisa mencapai berat satu ton.sedangkan betinanya lebih ringan. Banteng memiliki bagian putih pada kaki bagian bawah dan pantat,punuk putih, serta warna putih disekitar mata dan moncongnya, walaupun terdapat sedikit dimorfisme seksual pada ciri-ciri tersebut. Banteng jantan memiliki kulit berwarna biru-hitam atau atau coklat gelap, tanduk panjang melengkung ke atas, dan punuk di bagian pundak. Sementara, betinanya memiliki kulit coklat kemerahan, tanduk pendek yang mengarah ke dalam dan tidak berpunuk.","Banteng","Mamalia"
"Jerapah (nama latinnya:  Giraffa camelopardalis) adalah binatang tertinggi di dunia. Jerapah jantan tingginya mencapai 5 meter dan berat badan hingga 1 ton (1.000 kilogram). Jerapah betina biasanya sedikit lebih kecil . Kaki depan jerapah sedikit lebih panjang daripada kaki belakang. Kaki depan yang lebih panjang ini berguna untuk menopang otot-otot pangkal leher yang sangat besar. Jerapah memiliki tanduk tumpul yang ditutupi kulit. Tanduk jerapah jantan lebih tebal dan lebih berat dengan panjang sekitar 12 cm, yang digunakan untuk bertarung dengan pejantan saingannya. Jerapah memiliki lidah berwarna hitam yang panjangnya mencapai sekitar 45 cm, yang digunakan untuk memungut dedaunan dan membawanya ke dalam mulut. Jerapah memiliki pembuluh darah yang sangat elastis dan katup pembuluh vena di leher untuk mengimbangi naiknya tekanan darah mendadak saat kepalanya diturunkan. Jerapah Nubia memiliki corak kulit bervariasi dengan bentuk dan ukuran tutul yang beragam. Umumnya tutul berwarna gelap kecoklatan atau kemerahan dengan warna latar kekuningan. Semakin tua usianya, semakin gelap warna kulitnya. Jerapah bercorak jaring memiliki tutul-tutul berbentuk segi empat berwarna merah hati dengan garis-garis batas tutul berwarna putih terang seperti bentangan jarring di atas kulitnya.","Jerapah","Mamalia"
"Kecuali duri-duri yang melindungi sekujur tubuhnya, morfologi landak sangat mirip dengan kelinci. Jadi ukuran landak pun identik dengan ukuran kelinci. Yaitu sekitar 59 sampai 63 cm. Duri landak ini sebenranya adalah rambut keras yang menutupi bagian atas tubuhnya, juga berfungsi sebagai sistem pertahanan diri melawan predator. Seekor landak dapat berlari dengan kencang untuk mempertahankan diri. Jika tak sempat lari, landak akan merontokkan duri-durinya yang tajam, sehingga menjadi ancaman bagi predator yang mencoba mengganggunya. Tubuh landak berbentuk agak bulat dengan ujung kepala dan muka yang ramping. Duri-durinya berwarna putih, tapi kehitaman di pangkalnya. Kepala dan telinganya kecil. Kakinya ada empat buah pendek-pendek dengan ekor yang tebal. Kaki landak bagian depan memiliki empat jari, sedangkan bagian belakangnya terdiri dari lima jari. Memiliki mata bulat sepasang dengan hidung kecil berada di tengah bawah mata. Setiap jari memiliki cakar yang panjang untuk mengupas kulit kayu yang jadi makanan mereka. Seperti hewan rodentia yang lain, landak memiliki gigi yang kokoh dan terus tumbuh jika tanggal. Duri-durinya juga bisa tumbuh kembali setelah dirontokkan. Untuk itu landak memerlukan nutrisi kalsium yang tinggi. Seperti kebanyakan mamalia, landak bernapas dengan paru-paru. Udara dari trachea melewati bronchus dan broncheolus yang lebih kecil hingga sampai ke alveolus. Di alveolus terjadi pertukaran gas oksigen dan karbondioksida. Nares atau hidung landak selain berfungsi sebagai organ pernafasan juga punya fungsi lain sebagai alat pembau. Sangat berguna untuk mencari makanan.","Landak","Mamalia"
"Gajah adalah salah satu jenis hewan mamalia yang dinobatkan dalam hewan yang paling besar didunia. Karena binatang ini mempunyai bobot berat badan antara 7,4 hingga 8 ton dan mencapai tinggi badan 3-4 meter, kita bisa membayangkan betapa besar dan kuatnya binatang ini. Hewan ini sangat mudah dikenali karena dia mempunyai belalai atau moncong yang memanjang sebagai bibir atasnya. Selain itu, gajah dikaruniai sepasang gading atau gigi taring yang tumbuh keluar dan berbentuk memanjang, kulit gajah identik dengan warna cokelat bercampur abu-abu. Apabila kita memperhatikan secara seksama, kulit gajah mempunyai banyak benjolan yang bergelombang dan lipatan yang mudah terlihat adalah lipatan pada kaki dan juga belalai. Lebih lagi, gajah memiliki empat kaki yang besar dan kuat bentuknya menyerupai  bumbung. Besarnya kaki menyesuaikan dengan besarnya badannya, hal tersebut agar dapat menopang tubuh dengan baik.","Gajah","Mamalia"
"Apabila kita memperhatikan secara seksama, kulit gajah mempunyai banyak benjolan yang bergelombang dan lipatan yang mudah terlihat adalah lipatan pada kaki dan juga belalai. Lebih lagi, gajah memiliki empat kaki yang besar dan kuat bentuknya menyerupai bumbung. Besarnya kaki menyesuaikan dengan besarnya badannya, hal tersebut agar dapat menopang tubuh dengan baik. Tubuh bintang laut terdiri dari bagian oral (yang memiliki mulut) dan Aboral (yang tidak memiliki mulut). Hewan ini banyak dijumpai di pantai. Ciri lainnya adalah alat organ tubuhnya bercabang ke seluruh lengan.  Mulut terdapat di permukaan bawah atau yang disebut permukaan oral dan anusnya terletak di permukaan atas atau disebut juga permukaan aboral. Kaki tabung tentakel (tentacle) terdapat pada permukaan oral. Sedangkan pada permukaan aboral selain anus terdapat pula madreporit. Madreporit adalah sejenis lubang yang mempunyai saringan dalam menghubungkan air laut dengan sistem pembuluh air dan lubang kelamin. Sistem ekskresi tidak ada.Pertukaran gas terjadi melalui insang kecil yang merupakan pemanjangan kulit.Sistem sirkulasi belum berkembang baik.","Bintang Laut","Invertebrata"
"Burung-burung Cendrawasih mempunyai ciri khas bulunya yang indah yang dimiliki oleh burung jantan. Umumnya bulunya berwarna cerah dengan kombinasi beberapa warna seperti hitam, cokelat, kemerahan, oranye, kuning, putih, biru, hijau dan ungu. Ukuran burung Cenderawasih beraneka ragam. Mulai dari yang berukuran 15 cm dengan berat 50 gram seperti pada jenis Cendrawasih Raja (Cicinnurus regius), hingga yang berukuran sebesar 110 cm Cendrawasih Paruh Sabit Hitam (Epimachus albertisi) atau yang beratnya mencapai 430 gram seperti pada Cendrawasih Manukod Jambul-bergulung (Manucodia comrii). keindahan bulu cendrawasih jantan dipakai untuk menarik perhatian lawan type. untuk merayu sang betina supaya bersedia diajak kawin, burung jantan dapat memamerkan bulunya dengan lakukan tarian-tarian indah. sembari bernyanyi diatas dahan, pejantan bergoyang dengan beragam gerakan ke beragam arah. apalagi kadang-kadang sampai bergantung terbalik bertumpu pada dahan. tetapi, setiap spesies cendrawasih pastinya mempunyai jenis tarian tersendiri.","Burung Cenderawasih","Burung"
"Bunglon adalah sejenis reptil yang termasuk ke dalam suku (familia). ia bisa mengubah-ubah warna kulitnya. Kepala dengan bentuk bersudut mempunyai kulit kasar gerigi di tengkuk dan punggungnya lebih menyerupai surai  daripada bentuk mahkota, Gerigi ini terdiri dari banyak sisik yang pipih panjang meruncing namun lunak serupa kulit. Bunglon yang kerap ditemukan di semak,dan pohon peneduh di kebun Sering pula didapati terjatuh dari pohon atau perdu ketika mengejar mangsanya, namun dengan segera berlari menuju pohon terdekat. Keistimewaan bunglon adalah dapat mengubah-ubah warna (bahkan juga kombinasi warna) kulit luarnya. Setiap jenis bunglon setidaknya memiliki beberapa warna dasar mulai dari hijau tua, hijau muda, kuning, merah, oranye, cokelat, abu-abu, pink, sian, bahkan ungu. Beberapa spesies bahkan memiliki kombinasi dari beberapa warna tersebut. Hal ini membuat bunglon menjadi salah satu kelompok kadal paling berwarna-warni di dunia. Bunglon juga memiliki pengelihatan yang tajam. Mata yang dapat berputar dan dapat melihat ke segala arah. Selain itu, sebagian besar spesies memiliki lidah yang sangat panjang dan lengket. Lidah ini digunakan untuk menangkap serangga yang sedang terbang atau hinggap di dekatnya. Makanan utama bunglon adalah serangga. Bunglon menangkap serangga dengan cara membuka mulut lalu menjulurkan lidah panjangnya yang dilapisi zat lengket ke arah sasarannya, lalu serangga tersebut menempel di lidah bunglon tersebut yang kemudian ditarik kembali ke mulutnya. Jarak jangkauan lidah bunglon adalah dua pertiga panjang seluruh badannya. Beberapa jenis bahkan memiliki lidah yang lebih panjang dari panjang total badannya. Memiliki kaki yang dapat mencengkeram seperti tangan agar dapat menggenggam dengan kuat","Bunglon","Reptil"
"Landak laut atau disebut juga sebagai bulu babi (Echinoidea) adalah hewan laut yang berbentuk bundar dan tertutup duri yang dapat digerakkan di seluruh permukaan tubuhnya. Duri-duri pada kulit landak laut dapat digerakkan, berfungsi melindungi mereka dari serangan makhluk lain. Tubuh dibagi menjadi bahgian oral dan aboral. Cangkang tersusun oleh zat kapur yang tersusun membentuk pola. Duri-duri di permukaan tubuhnya bersendi pada bagian yang menonjol (tuberkel) sedangkan bagian yang tidak berduri terlihat memiliki kaki tabung (kaki ambulakral) yang digerakkan oleh sistem peredaran air. Landak laut dapat dijumpai di daerah pasang surut hingga kedalaman 5000 meter dengan substrat karang maupun pasir.  Ukuran si landak laut pun maksimal 5 inchi atau sekitar 12 sentimeter lebih. Hewan ini memiliki gigi-gigi yang tidak terlalu kuat, jumlahnya pun tidak banyak. Makanan yang dikonsumsi landak laut pun bisa bermacam-macam. Mulai dari tanaman hingga hewan laut lainnya, ganggang, rumput laut, dan sebagainya.","Landak Laut","Invertebrata"
"Kanguru yang dikenal sebagai binatang khas Australia ini adalah binatang yang mempunyai kantung dibagian perutnya. Ciri yang lainnya seperti mempunyai kebiasaan berjalan dengan cara melompat, kaki kanan dan kaki kiri sama-sama bergerak untuk melompat, kaki belakang memiliki telapak kaki yang besar dan berfungsi untuk bertolak sehingga kecepatannya mampu mencapai 40 hingga 70 kilometer per jam, kanguru mempunyai ekor yang berfungsi penting dalam melompat yaitu menyeimbangkan dan manjadi kaki ketiga saat sedang berjalan, tidak mempunyai gigi susu, indera penglihatannya tidak berfungsi dengan baik, indera penciumannya daan pendengarannya sangat tajam, akan mudah mencari dan agresif dengan sumber suara dan berbulu tipis. Hewan khas Australia yang suka melompat ini dapat ditemukan habitatnya di hutan Eucalyptus, padang rumput,  alam terbuka, semak belukar dan juga hutan hujan tropis. Namun meskipun demikian, ada banyak jenis kanguru yang akan membedakan habitat mereka, seperti di atas dahan-dahan pohon, daerah pegunungan maupun pantai. Kanguru digolongkan dalam hewan  herbivore atau binatang yang hanya memakan tumbuh-tumbuhan, adapun jenis makanan untuk kanguru adalah segala tumbuhan, pucuk tanaman, buah-buahan, dedaunan dan juga rerumputan. Hewan yang juga merupakan hewan nocturnal ini sangat aktif pada malam hari, banyak kegiatan yang dilakukannya seperti  mencari makan, mencari minum dan mengumpulkan makanan. Dengan sebuah kantong ajaibnya, kanguru mampu menyimpan persediaan air minum. Oleh karena ini kanguru mampu bertahan tidak makan dan minum dalam waktu yang cukuk lama.","Kangguru","Mamalia"
"Pada umumnya luwing pemakan tumbuhan (herbivora), Namun ada juga kaki seribu yang memiliki sifat Omnivora. Binatang kaki seribu jika sedang terdesak maka tubuhnya akan melingkar dengan tujuan melindungi dirinya. Kaki seribu atau luwing memiliki cairan yang dapat di semprot kan dan itu cukup berbahaya jika terkena bagian mata manusia. Bisa menghasilkan bau yang menyengat. Memiliki bentuk tubuh yang lonjong dan panjang seperti cacing, silindris beruas-ruas. Memiliki warna kulit merah kehitaman. Luwing sendiri termasuk hewan yang tidak terlalu berbahaya, Namun sebagian dari kita menganggap luwing adalah salah satu hewan yang menggelikan. Kaki seribu berkembang biak dengan cara bertelur. Luwing betina akan menggali dan membuat sarangnya di tanah dengan tujuan serta menyimpan telur-telur nya sehingga aman dari hewan predator. Jumlah kaki hewan ini tidaklah berjumlah seribu melainkan kurang dari seribu, kurang lebih 100 pasang kaki (disesuaikan dengan ukuran tubuhnya). Memiliki dua pasang kaki per pigmen. Kepalanya terdiri atas 5 ruas. Ruas paling belakang terdapat anus. Alat kelaminnya terpisah. Kaki seribu tidak bergerak dengan cepat seperti halnya Ular, luwing tidak memiliki cakar dan juga tidak suka menggigit. Kaki seribu mampu bertahan hidup selama kurang lebih 7 tahun. Kaki seribu memiliki sepasang antena di bagian depan kepalanya. ","Kaki Seribu","Invertebrata"
"Badak Sumatera juga dikenal memiliki rambut terbanyak dibandingkan seluruh sub-spesies badak di dunia, sehingga sering disebut hairy rhino (badak berambut). Ciri-ciri lainnya adalah telinga yang besar, kulit berwarna coklat keabu-abuan atau kemerahan - sebagian besar ditutupi oleh rambut dan kerut di sekitar matanya. Panjang cula depan biasanya berkisar antara 25 - 80 cm, sedangkan cula belakang biasanya relatif pendek dan tidak lebih dari 10 cm. Saat anak badak sumatera lahir hingga remaja biasanya kulitnya ditutupi oleh rambut yang lebat berwarna coklat kemerahan. Bersamaan dengan bertambahnya usia satwa ini, rambut yang menutupi kulitnya semakin jarang dan berubah kehitaman. Panjang tubuh satwa dewasa berkisar antara 2-3 meter dengan tinggi 1 - 1,5 meter. Berat badan diperkirakan berkisar antara 600-950 kg.Para ahli memperkirakan tidak ada satu pun populasi Badak Sumatera yang jumlah individunya dalam satu wilayah jelajah melebihi 75 ekor. ","Badak","Mamalia"
"Penguin adalah burung laut yang masuk ke dalam keluarga Spheniscidae. Mereka menggunakan sayap mereka untuk ‘terbang’ di bawah air, tapi mereka tidak bisa terbang di udara. Mereka makan ikan dan makanan laut lainnya. Penguin bertelur dan membesarkan bayinya di darat. Penguin suka berenang di air laut es yang dingin. Mereka bisa berenang dengan sangat cepat dan bisa melompat keluar dari air dan menyelam dalam untuk mencari makanan. Lapisan lemak bersama dengan lapisan udara membuat tubuh penguin tetap hangat di air dingin dan hampir semua cuaca. Semua penguin memiliki perut putih dan punggung yang gelap (kebanyakan hitam). Penguin tidak bisa terbang, tapi mereka bisa berenang dengan sangat baik. Sayap mereka menjadi sirip renang yang kaku dan kecil. Mereka memiliki pendengaran yang baik dan bisa melihat di bawah air. Warna putih dan hitam membantu mereka bersembunyi saat mereka berenang. Saat pemangsa melihat dari bawah air melihat perut putih dan sayap penguin, mereka tidak dapat melihatnya dengan baik dengan cahaya yang datang dari atas. Dilihat dari atas, punggung hitam penguin akan bercampur dengan air yang gelap. Penguin memiliki kaki berselaput yang digunakan untuk mendayung di air. Mereka tidak bisa berjalan dengan baik, jadi mereka bergoyang-goyang saat berjalan. Penguin terbesar bisa berdiri hampir 110 cm dan beratnya bisa hampir 40 kg. Jenis terkecil hanya setinggi 32 cm. Penguin memiliki lapisan tebal lemak yang membantu mereka tetap hangat, dan bulu mereka sangat erat untuk membuat penutup lain. Mereka juga memiliki lapisan wool bawah bulu yang dilapisi dengan jenis minyak yang membuat mereka tahan air.","pinguin","Burung"
"Bangau merupakan jenis burung yang berasal dari famili Ciconiidae. Burung bangau yaitu burung besar yang gemar berpindah tempat yang tingginya satu hingga satu setengah meter. Serta hampir seluruhnya bersayap putih lebar dan juga memiliki ekor hitam yang panjang. Bagian paruh dan kaki panjangnya dengan warna merah, menjadikan mereka tampak cantik. Bangau punya ukuran badan yang cukup besar, selain itu juga memiliki kaki serta leher panjang dan juga mempunyai paruh yang kuat, besar dan juga tebal. Bagian sayap dari burung bangau punya sayap yang lebar apabila di bentangkan. Bangau tidak bersuara, sebab tidak punya organ suara syrinx. Sehingga apabila berkomunikasi bersama dengan pasangan maka burung bangau akan mengadu bagian paruhnya. Bagian paruh yang diadu dengan pasangannya termasuk cara berkomunikasinya menggantikan menggunakan suara panggilan. Bangau termasuk jenis burung pantai migran, yang bisa terbang jauh dengan cara melayang dengan cara memanfaatkan arus udara panas. Jadi bisa menghemat tenaga. Makanan utama dari jenis burung berkaki panjang ini yaitu katak, burung ukuran kecil, ikan, cacing, dan juga mamalia kecil yang ada di pantai dan di lahan basah. Pada waktu terbang, mereka akan menjulurkan kepalanya ke depan serta mendorong bagian kakinya ke belakang.","Bangau","Burung"
"Memiliki sepasang telinga yang daun telinganya runcing ke atas. Memiliki empat buah kaki yang terdiri dari sepasang kaki depan dan sepasang kaki belakang. Memiliki warna kulit antara lain cokelat, merah, putih, hitam dsb (tergantung jenisnya). Memiliki sepasang mata dan bola mata berwarna hitam atau cokelat. Rusa memiliki mata yang berada di sisi kepala, sehingga mereka memiliki pandangan 310 derajat. Memiliki tinggi sekitar 1-2 meter. Memiliki sepasang tanduk yang akan selalu tumbuh. Rusa jantan dari semua jenisnya memiliki tanduk yang disebut anthler kecuali Rusa Air dari China yang memiliki gigi taring tajam. Termasuk hewan mamalia. Memakan rumput dan dedaunan. Berkembang biak dengan cara melahirkan. Hidup di daerah tropis tapi ada juga hidup di kutub yang disebut rusa salju.  Memiliki hidung yang sensitif. Memiliki gigi yang tidak tajam. Memiliki ekor yang pendek. Hidup secara berkelompok. Rusa memiliki banyak otot di telinga. Hal ini memungkinkan mereka untuk mengubah arah telinga tetapi mereka tidak harus memindahkan tubuh nya. Kemampuan rusa mendengarkan jauh lebih baik daripada manusia. Rusa dapat menangkap frekuensi-frekuensi yang manusia tidak bisa. Mereka juga dapat mengubah telinga mereka ke segala arah tanpa memutar kepala mereka. Rusa termasuk hewan pelari cepat. Kecepatan rata-rata rusa adalah 35 mil per jam untuk jarak pendek.","Rusa","Mamalia"
"Rusa termasuk hewan pelari cepat. Kecepatan rata-rata rusa adalah 35 mil per jam untuk jarak pendek. Seperti yang sudah anda ketahui singa jantan mempunyai bulu tebal yang terdapat pada tengkuknya dan hanya singa kucing besar yang memiliki bulu tebal di tengkuknya. Bulu tebal ini sangat berguna untuk singa jantan untuk melindungi tengkuknya. Terutama ketika terjadi perkelahian antar mereka. Berbeda dengan singa betina, singa betina tidak memiliki bulu tebal atau lebat. Sekilas mereka mirip dengan puma, namun dengan ujung ekor yang berbeda yang khas dengan ekor singa. Warna bulu pada singa jantan dan singa betina sama, yaitu berwarna kuning keemasan, abu abu hingga coklat kekuning kuningan sampai coklat tua. Bulu pada tengkuk juga akan semakin berwarna gelap yang menandakan umur singa tersebut sudah tua. Seperti yang sudah kita ketahui, singa merupakan hewan mamalia yang memakan daging atau hewan karnivora. Mereka biasanya melakukan perburuan pada malam hari. Singa dapat memakan daging hingga 30 kg dalam seharinya. jantan menghabiskan daging 7 kg setiap hari, sedangkan betina dapat menghabiskan 5 kg setiap hari. Singa mempunyai gigi dan cakar yang tajam untuk membantu mereka dalam melakukan perburuannya. Gigi yang tajam ini mereka gunakan untuk merobek daging sehingga lebih mudah untuk ditelan, sedangkan cakar mereka gunakan untuk menerkam mangsa yang sudah mereka incar dari jarak yang cukup jauh. Singa merupakan salah satu hewan yang mempunyai penglihatan yang sangat tajam. Hal ini dibuktikan dengan pupil mata singa yang memiliki besar tiga kali lipat dari pupil manusia. sehingga aktivitas singa akan lebih mudah jika singa melakukan perburuan mangsa di malam hari. Penciuman Singa juga merupakan salah satu senjata yang dimiliki singa untuk dapat menemukan mangsa atau buruannya. Singa memiliki titik titik hitam di bawah kumisnya. Hal ini dimiliki singa dan menjadi salah satu hal yang dapat membedakan singa satu dengan singa yang lainnya. Titik titik ini berfungsi menyerupai fungsi sidik jari pada manusia.","Singa","Mamalia"
"Hewan ini memiliki kecepatan berenang hingga 17 km/jam bahkan hingga mencapai 26 km/jam tergantung dengan genera pada singga laut. Pada umumnya, singa laut ini memiliki panjang mencapai 1,5-3,5 m, bobot badan 34-1.100 kg untuk singa laut dewasa. Ciri pada jantan memiliki ukuran yang jauh lebih besar dibandingkan dengan betina, ekor lebih pendek, warna beragam dan bervariasi (kekuningan, kemerahan dan cokelat hingga kehitaman). Ciri pada betina memiliki ukuran lebih kecil dibandingkan dengan jantan, berekor pendek, warna beragam dan bervariasi (kekuningan, cokelat dan kehitaman). Selain itu, memiliki ciri khusus yaitu penciuman dan pendengaran tajam serta suara hampir menyerupai singa. Singa Laut menghabiskan sepertiga waktu mereka di daratan atau onggokan es dan dua pertiga lainnya di laut. Singa dan anjing laut memiliki lapisan isolasi lemak, dinamakan blubber, di bawah kulit mereka. Lapisan lemak ini mengunci panas tubuh dan melindungi binatang tersebut dari suhu titik beku. Mereka tampil canggung saat di darat, tetapi anggun saat dalam air, di mana mereka merasa paling nyaman. Singa Laut bisa hidup selama empat puluh tahun atau lebih.","Singa Laut","Mamalia"
"Ikan paus adalah mamalia laut yang terbesar. Bersama dengan Lumba-lumba dan Pesut, mereka termasuk kedalam orde Cetacea.Makanan utama nya bervariasi antar spesies ikan paus ini, beberapa diantaranya adalah: plankton yang berukuran kecil, ikan, cumi-cumi dan mamalia laut lainnya. Masing masing spesies ikan paus memiliki ukuran tubuh maksimum yang berbeda. Ikan paus terkecil, Dwarf Sperm Whale, bisa tumbuh hingga berukuran 2,6 m dan memiliki berat tubuh seberat 135 kg. Ikan paus terbesar, the Blue Whale, bisa tumbuh hingga ukuran 29,9 m dan memiliki berat tubuh 210 ton. Beberapa spesies ikan paus menunjukkan perbedaan ukuran antara betina dan jantan. Fenomena ini dinamakan sexual dimorphism. Tubuh mereka sebagian besar menyerupai seekor lumba-lumba. Mereka memiliki tubuh berbentuk streamline dengan dua sirip berbentuk dayung di bagian depan bawah dari tubuhnya dan sebuah ekor yang juga memiliki bagian yang sama seperti ekor lumba-lumba. Sebagian dari mereka juga memiliki sebuah sirip punggung di atas tubuhnya. Masing masing dari mereka memiliki sebuah blowhole di atas kepala mereka. Mereka memiliki lapisan lemak dibawah kulitnya yang disebut dengan “blubber” yang berfungsi sebagai penyimpanan energi dan isolasi yang menjaga tubuh mereka tetap hangat. Paus juga memiliki ciri-ciri diantara yaitu mereka bernapas dengan paru-paru,mempunyai rambut,berdarah panas,memiliki kalenjar susu, dan mempunyai jantung dnegan empat ruang. Dalam pembagiannya ada dua macam kelompok paus, yaitu paus bergigi (Odontoceti) dan paus tidak bergigi (Mysticeti). Paus Odontoceti yang bergigi merupakan pemangsa yang memakan ikan, sotong, dan mamalia laut, mempunyai satu lubang pernapasan.Paus tidak bergigi berukuran lebih besar daripada ikan paus bergigi dan mempunyai struktur yang dikenal berbentuk sikat","Ikan Paus","Mamalia"
"Sirip depannya mengecil dan memiliki sebuah ekor horisontal yang kuat untuk bergerak seperti baling-baling perahu. Lubang hidungnya (blowhole) berubah menjadi lubang peniup pada bagian atas kepalanya. Kebanyakan mamalia memiliki lubang hidung yang menghadap ke depan, tetapi lumba-lumba memiliki lubang hidung diatas kepala. Lebih ke belakang, terdapat cekungan di samping kepala yang merupakan posisi dari kuping namun tidak terdapat daun telinga. lumba-lumba memiliki leher yang pendek, tidak fleksibel dan pergerakan kepala yang terbatas. Di belakang kepala terdapat lengan depan yang berbentuk seperti sirip tanpa jari dan lengan. Bentuk seperti ikan yang terdapat pada bagian tubuh lumba-lumba adalah sirip dorsal dan sirip ekor (fluks). Sirip dorsal berguna untuk kestabilan dan pengaturan panas tubuh. Pada beberapa spesies, sirip dorsalnya kecil atau bahkan tidak dijumpai sama sekali. Fluks horizontal terdapat di ujung ekor dan ditunjang hanya dibagian tengah oleh bagian akhir tulang ekor (tulang belakang), dan bagian lainnya terdiri dari jaringan non tulang. Lumba-lumba sangat mahir dalam melompat. Bahkan beberapa dari mereka dapat melompat hingga 30 kaki di udara. Lumba-lumba berenang ke permukaan air pada interval tertentu yang berbeda untuk mendapatkan udara. Sebagaimana kita ketahui, lumba-lumba merupakan mamalia air yang bernapas dengan paru-paru. Saat mengambil udara di permukaan air, lumba-lumba menghabiskan waktu 20 detik sampai 30 menit. Tubuh lumba-lumba dilapisi oleh kulit berwarna keabu-abuan biru yang sangat sensitif terhadap sentuhan manusia dan benda lain yang ada di air.","Lumba-Lumba","Mamalia"
"Dibandingkan bentuk tubuh manusia, gorilla mempunyai tangan dan kaki yang panjang, dimana tangannya lebih panjang dari kaki. Dada gorila besar dan sebagian besar tubuhnya berbulu yang lebat dan berwarna hitam , kecuali jari-jemari, wajah, ketiak, telapak kaki dan telapak tangan. Kepala gorila besar, matanya kecil dan berwarna kecoklatan. Gorila tidak mempunyai ekor. Setiap ekor gorila mempunyai hidung yang unik, seperti manusia yang mempunyai sidik jari yang unik. Gigi gorila dewasa berjumlah 32. Panca indra gorila hampir serupa dengan manusia. Tubuh gorila jantan hampir dua kali besarnya dibandingkan gorila betina. Gorila kebanyakan makan tumbuh-tumbuhan. Setiap hari gorila butuh sekitar 25 kilogram makanan yang terdiri dari daun-daunan, bunga-bunga, biji-bijian, batang dan tangkai pohon, dan kuncup bunga. Kadang-kadang, gorila juga makan semut dan sejenis rayap. Karena mendapat cairan cukup dari makanannya, gorila sangat jarang minum. Gorilla merupakan binatang yang mempunyai bobot badan sekitar  250 kilogram dengan tinggi badan 2meter. Untuk gorilla jantan mempunyai bobot badan sekitar 300 kilogram dengan tinggi badan 2,3 meter. Sedangkan gorilla betina mempunyai bobot badan lebih kecil. Sama dengan manusia, bulu gorilla yang berwarna hitam akan berubah menjadi kelabu keperakan seiring dengan bertambahnya  usianya.","gorila","Mamalia"
"Kuda memiliki tubuh yang tertupi rambut walaupun pada tubuhnya rambut tersebut tidak terlihat jelas. Rambut-rambut tersebut berfungsi sebagai pelindung tubuh dari pengaruh panas dan dingin.  Pada bagian atas antara kepala dengan leher terdapat rambut yang tebal dan banyak, begitu juga pada bagian ekor. Hampir sama juga dengan hewan lainnya pada kelas mamalia, kuda memiliki mata, hidung, mulut, daun telinga, berkaki empat, dan mempunyai ekor. Kuda memiliki jari yang ganjil sehingga termasuk kedalam kelompok mamalia berjari ganjil (perisodactya) dan disetiap kaki hanya memiliki satu kuku (berkuku satu). Pada kuda betina memiliki kelenjar susu/mammae (glandulamammae). Kuda-kuda yang ringan, seperti kuda Arab, Morgan, Quarter Horse, Paint dan Thoroughbred beratnya bisa mencapai sekitar 590 kg. Kuda yang ""berat"" atau kuda beban, seperti misalnya Clydesdale, Draft, Percheron, dan Shire beratnya dapat mencapai hingga 907 kg. Hewan ini telah lama merupakan salah satu hewan peliharaan yang penting secara ekonomis dan historis, dan telah memegang peranan penting dalam pengangkutan orang dan barang selama ribuan tahun.","kuda","Mamalia"
"Bagian tubuh kelinci di selimuti dengan bulu halus tetapi lebat, memiliki warna yang sangat bervariasi mulai dari warna hitam, kecoklatan, abu-abu, hitam putih, dan lain-lain. Bagian mata pada kelinci berwarna kemerahan, berbentuk bulat kelonjongan. Bagian hidung pada kelinci berbentuk silindris, mempunyai gigi seri di bagian depan berguna untuk memotong atau mengunyah rumput. Telinga pada kelinci panjang, tegak dan menghadap kedepan. Telinga ini memiliki warna yang sama dengan bentuk tubuhnya. Sedangkan kaki pada kelinci memiliki dua pasang, satu pasang di bagian depan sangat panjang dan satu pasang di bagian belakang sangat pendek. Panjang rata rata pada kelinci ini mencapai 50-60 cm bahkan lebih, kelinci mampu memproduksi 6-10 ekor per indukan. Usia memproduksi indukan jantan dan betina minimal 5-6 bulan, tergantung dengan varietes kelinci. Kumis pada kelinci hampir menyerupai kucing, sangat halus dan juga pertumbuhan jarang. Kumis ini terdapat di sekitar bagian hidung kelinci tepatnya di bagian samping kiri dan kanan hidungnya. Kelinci ini juga memiliki ekor yang sangat pendek 2-4 cm, terkadang tampak dan tidak. Berdasarkan bobot badannya ternak kelinci dewasa dibagi menjadi tiga tipe, yaitu kecil (small and dwarf breeds), sedang atau medium (medium breeds), dan berat (giant breeds). Kelinci tipe kecil bobot badannya antara 0,9-2,0 kg; tipe sedang bobot badannya antara 2,0-4,0 kg; dan tipe besar bobot badannya  antara 5,0-8,0 kg. Kelinci termasuk ke dalam hewan herbivora, karena kelinci hanya memakan tumbuh-tumbuhan, sayuran, dan tumbuhan lainnya.","kelinci","Mamalia"
"Tinggi badan burung ini dapat mencapai 50 sentimeter dengan berat 200 sampai 600 gram. Paruhnya pendek dan tebal. Burung kuntul sewaktu terbang lehernya membentuk seperti huruf ""s"" dan tidak diluruskan. Burung dewasa yang belum dibuahi umumnya berbulu putih, berparuh kuning dan kaki abu-abu kekuningan. Saat membuahi, muncul bulu-bulu kekuningan di punggung, dada dan mahkota di kepalanya. Adapun kakinya berubah menjadi merah muda bercampur oranye. Burung Kuntul kerap ditemukan di habitat yang kering berumput. Makanannya berupa serangga, khususnya belalang. Kadang-kadang mereka tampak hinggap di binatang besar yang merumput seperti kerbau.  Habitat burung Kuntul di lahan basah, di pantai atau terumbu karang, di rawa-rawa, sungai, laguna, lumpur dan tempat-tempat lainnya yang berair. Makanan berupa ikan, katak, dan invertebrata. Spesies seperti Kuntul Kerbau (Bubulcus ibis) pemakan serangga yang berukuran lebih besar dan tidak terlalu tergantung pada air.","Burung kuntul","Burung"
"Ikan kakap merah (Lutjanus sp.) mempunyai ciri tubuh yang memanjang dan melebar, gepeng atau lonjong, kepala cembung atau sedikit cekung. Jenis ikan ini umumnya bermulut lebar dan agak menjorok ke muka, gigi konikel pada taringtaringnya tersusun dalam satu atau dua baris dengan serangkaian gigi canin-nya yang berada pada bagian depan. Ikan ini mengalami pembesaran dengan bentuk segitiga maupun bentuk “V” dengan atau tanpa penambahan pada bagian ujung maupun penajaman. Bagian bawah pra penutup insang bergerigi dengan ujung berbentuk tonjolan yang tajam. Sirip punggung dan sirip duburnya terdiri dari jari jari keras dan jari-jari lunak. Sirip punggung umumnya ada yang berkesinambungan dan berlekuk pada bagian antara yang berduri keras dan bagian yang berduri lunak. Batas belakang ekornya agak cekung dengan kedua ujung sedikit tumpul. Ikan kakap merah mempunyai bagian bawah penutup insang yang berduri kuat dan bagian atas penutup insang terdapat cuping bergerigi. Warna ikan kakap merah sangat bervariasi, mulai dari yang kemerahan, kekuningan, kelabu hingga kecoklatan. Mempunyai garis-garis berwarna gelap dan terkadang dijumpai adanya bercak kehitaman pada sisi tubuh sebelah atas tepat di bawah awal sirip punggung berjari lunak. Umumnya berukuran panjang antara 25 – 50 cm, walaupun tidak jarang mencapai 90 cm.","Ikan Kakap Merah","Ikan"
"Tupai adalah segolongan mamalia kecil yang mirip bajing. Secara ilmiah, tupai tidak sama dan jauh kekerabatannya dengan keluarga bajing. Perbedaannya dengan bajing yaitu, tupai tidak mempunyai kumis yang panjang. Moncongnya pun lebih panjang dan meruncing serta tidak mempunyai sepasang gigi seri yang besar berbentuk pahat. Seperti bangsa bajing, bangsa tupai umumnya aktif mencari makan pada siang hari. Tupai umumnya pandai memanjat dan memiliki indera penglihatan, pendengaran dan penciuman yang baik. Makanannya terdiri dari serangga dan buah-buahan, namun kadang kala juga memakan bagian tumbuhan dan binatang lain. Pada musim dingin, sulit bagi tupai untuk menemukan makanan, sehingga pada musim panas mereka mengumpulkan makanan untuk dimakan pada bulan-bulan panjang dan dingin berikutnya. Tupai termasuk di antara binatang-binatang yang menyimpan makanan untuk musim dingin. Tupai menyimpan makanannya dengan menimbunnya di beberapa tempat. Berkat ketajaman penciumannya, mereka dapat mengenali aroma biji-bijian yang tetimbun salju sedalam 30 sentimeter .Akan tetapi, tupai sangat hati-hati ketika mengumpulkan makanannya. Mereka tidak mengumpulkan buah, daging atau jenis makanan yang cepat membusuk, tetapi tupai hanya mengumpulkan buah-buahan kering dan dapat tahan lama seperti kenari, hazelnut, dan buah cemara. Tupai memiliki otak relatif besar. Rasio besar otak berbanding besar tubuh yang terbesar pada makhluk hidup, bahkan mengalahkan manusia. Tupai memiliki Tubuh kecil dan ramping, kepala dan tubuh sekitar 15cm, ekor sekitar 18 cm. Di belakangnya sering kali terjuntai ekor di atas punggungnya, lebar, tegak, berumbai dan hampir sama panjang dengan badannya. Berkat ekor panjangnya, tupai dapat melompat dari satu pohon ke pohon yang lain tanpa kehilangan keseimbangan. Memakan buah berkulit keras seperti buah kenari, chesnut, hazelnut, dan buah cemara. Memiliki ekor panjang berumbai dan hampir sama panjang dengan badannya. Ekor berfungsi sebagai alat keseimbangan dan kemudi, sehingga memudahkan tupai melompat dari satu pohon ke pohon lain. Dapat melompat dari ujung dahan ke dahan lain sejauh 4 meter. Pada saat melompat kai depan dan belakang direnggangkan dan melayang serta ekor dipipihkan. Dapat jatuh bebas dari ketinggian 9 meter dan mendarat mulus diatas keempat kakinya. Memiliki mata yang jeli untuk memperkirakan jarak yang tepat.","Tupai","Mamalia"
"Capung termasuk dalam kelompok insekta atau serangga yang memiliki ciri-ciri terdiri atas tiga bagian yaitu: kepala (caput), dada (toraks), dan perut (abdomen). Kepala capung relatif besar dibanding tubuhnya, bentuknya membulat/memanjang ke samping dengan bagian belakang berlekuk ke dalam. Bagian yang sangat menyolok pada kepala adalah sepasang mata majemuk yang besar yang terdiri dari banyak mata kecil yang disebut ommatidium. Di antara kedua mata majemuk tersebut terdapat sepasang antena pendek, halus seperti benang. Mulut capung berkembang sesuai dengan fungsinya sebagai pemangsa, bagian depan terdapat labrum (bibir depan), di belakang labrum terdapat sepasang mandibula (rahang) yang kuat untuk merobek badan mangsanya. Di belakang mandibula terdapat sepasang maksila yang berguna untuk membantu pekerjaan mandibula, dan bagian mulut yang paling belakang adalah labium yang menjadi bibir belakang. Bagian dada (toraks) terdiri dari tiga ruas adalah protoraks, mesotoraks, dan metatoraks, masing-masing mendukung satu pasang kaki. Menurut fungsinya kaki capung termasuk dalam tipe kaki raptorial yaitu kaki yang dipergunakan untuk berdiri dan menangkap mangsanya. Abdomen terdiri dari beberapa ruas, ramping dan memanjang seperti ekor atau agak melebar. Ujungnya dilengkapi tambahan seperti umbai yang dapat digerakkan dengan variasi bentuk tergantung jenisnya. Sayap capung bentuknya khas yaitu lonjong/memanjang dan tembus pandang, kadang-kadang berwarna menarik seperti coklat kekuningan, hijau, biru, atau merah. Lembaran sayap ditopang oleh venasi. Para ahli mengidentifikasi dan membedakan capung dengan melihat susunan venasi pada sayap","Capung","Serangga"
"Anak jangkrik yang baru menetas dari telur berwarna putih kekuning- kuningan. Setelah tiga jam, warnanya secara pelan-pelan berubah menjadi hitam. Selama siklus hidupnya, jangkrik berganti kulit sebanyak dua kali, yaitu pada usia ± 35 hari dan pada usia ± 50 hari. Setelah terjadi pergantian kulit yang pertama, pertumbuhan jangkrik pada umumnya sangat cepat. Sebelum pergantian kulit yang pertama, pertumbuhan hidupnya sangat lambat. Setelah pergantian kulit yang kedua, akan tumbuh sayap terbang secara sempurna, berwarna putih, warna tubuh agak kemerah-merahanan, dan tubuhnya semakin besar. Kemudian, setelah ± 6 jam, warna tubuh dan sayapnya berubah menjadi hitam. Setelah pergantian kulit yang kedua, jangkrik telah sampai pada usia dewasa dan siap untuk berkembang biak. Pada usia tersebut, jangkrik memulai tahap perkawinan. Pada periode ini, jangkrik lebih suka terbang yang dapat mencapai ketinggian 3 m dengan jarak 25 m - 50 m. Mata jangkrik merupakan mata majemuk, yakni kumpulan beberapa mata kecil yang jumlahnya sangat banyak. Mata jangkrik pada siang hari kurang peka, tetapi pada malam hari dapat berfungsi dengan baik. Indra penglihatan (mata) jangkrik tidak begitu peka terhadap sasaran yang dituju, misalnya makanan. Oleh karena itu, untuk mencapai suatu sasaran tertentu, jangkrik menggunakan indra penciumannya yang disebut alat perasa. Jangkrik memiliki dua buah (satu pasang) sungut (semacam antene) yang berfungsi sebagai alat peraba pada waktu berjalan. Sungut ini berfungsi untuk mendeteksi benda-benda sewaktu berjalan serta untuk mendeteksi benda-benda yang bermanfaat ataupun yang berbahaya baginya. Alat peraba ini sangat peka sehingga dengan alat peraba tersebut jangkrik dapat mencapai sasaran yang dituju secara tepat. Jangkrik memiliki empat buah (dua pasang) alat perasa berbentuk seperti kumis yang berfungsi sebagai indra penciuman (hidung) dan indra perasa (lidah). Alat perasa ini juga berfungsi sebagai alat untuk memegang bahan- bahan makanan ringan yang terletak di belakang mulut. Jangkrik memiliki dua buah (satu pasang) taring yang kuat dan berfungsi untuk menggigit makanan dan membela diri pada saat menghadapi bahaya.Pada bagian dada terdapat tiga pasang kaki dan dua pasang sayap pada punggungnya. Dua pasang kaki kecil terletak di dada bagian depan yang berfungsi untuk berjalan. Selain untuk berjalan, satu pasang kaki paling depan berfungsi sebagai alat pemegang mangsa (makanan). Satu pasang kaki paling belakang besar cukup kuat, besar, panjang, dan berduri. Kaki yang paling belakang ini berfungsi untuk meloncat menghindari musuh jika terjadi bahaya dan untuk membela diri. Sayap jangkrik terletak pada bagian punggung yang terdiri atas sayap dalam dan sayap luar. Sayap dalam berwarna putih dan tipis yang berfungsi untuk terbang. Apabila tidak sedang terbang, sayap tersebut akan terlipat rapi. Sedangkan sayap luar berwarna hitam dan keras yang berfungsi untuk melindungi sayap terbang bila dalam keadaan terlipat.","Jangkrik","Serangga"
"Pada bagian kepala terdapat mulut yang digunakan untuk mengunyah atau memamah makanan. Ada sepasang mata majemuk yang dapat membedakan gelap dan terang. Di kepala terdapat sepasang antena yang panjang alat indra yang dapat mendeteksi bau-bauan dan vibrasi di udara. Dalam keadaan istirahat kepalanya ditundukkan kebawah pronotum yang berbentuk seperti perisai. Pada bagian dada terdapat tiga pasang kaki dan sepasang sayang yang dapat menyebabkan kecoa bisa terbang dan berlari dengan cepat. Terdapat struktur seperti lempengan besar yang berfungsi menutupi dasar kepala dan sayap dibelakang kepala disebut pronotum. tubuh bulat telur dan pipih dorsoventral (gepeng). bagian dada terdapat 3 kaki,2 pasang sayap,bagian luar tebal,bagian dalam berbentuk membran. caput melengkung ke ventro caudal di bawah sehingga mulut menjol diantara dasar kaki pertama. biasanya bersayap 2 pasang jenis Blatta Orientialis betina memiliki sayap yang lebih pendek daripada jantan (tidak menutup abdomen). kaki disesuaikan untuk berlari. metamorfosis tidak sempurna (telur-nimpha-dewasa),telur terbungkus ooteca 6-30 butir telur dan menetas 26-69 hari sedangkan nimpha menjadi dewasa mengalami molting sebanyak 13 kali,siklus hidup secara keseluruhan 2-21 bulan dan kecoa dewasa dapat hidup selama 3 tahun. Kebiasaan hidupnya,kecoa termasuk binatang malam (nocturnal) yang dapat bergerak cepat dan selalu menghindari cahaya. Bersifat omnivora memakan buku,kotoran,tinja dan dahak atau makanan dari kanji.","Kecoa","Serangga"
"Antena, terletak pada bagian atas kepala, berfungsi sebagai alat peraba. bentuknya pun berbeda – beda, ada yang seperti bulu ayam dan sisir. Memang cukup unik, mengingat hewan seperti kupu-kupu atau serangga memiliki antena yang memiliki kemampuan sebagai alat peraba, tak heran jika hewan – hewan seperti ini begitu peka terhadap lingkungan. Antena tersebut dilengkapi dengan sel-sel syaraf, sehingga kupu-kupu dapat meraba. Mata, berbeda dengan hewan lain, mata kupu-kupu terbagi menjadi dua bagian, pertama adalah mata majemuk, yang dapat melihat atau mendeteksi setiap gerakan, namun mata ini tidak terlalu jelas bisa melihat benda. yang kedua adalah mata tunggal atau biasa disebut oseli, merupakan mata yang berfungsi mempertajam penglihatan dari mata majemuk. Mata ini tersembunyi dan terletak diantara rambut halus. Mulut, terbagi kedalam tiga bagian. 1) Labrum. 2) Labliam palpus, memiliki fungsi sebagai alat peraba, serta merupakan bagian bibir yang sangat sensitif. 3) Probocis atau madibula merupakan rahang bawah kupu – kupu yang awalnya sebagai alat penggigit. Namun probocis ini digunakan sebagai alat penghisap, sebagai contoh ketika kupu-kupu menghisap sari bunga. Alat ini memiliki bentuk seperti tabung, namun apabisa tidak digunakan alat ini otomatis akan menggulung. Dada atau thorax kupu-kupu terhubung dengan kepala melaui selaput atau membran yang berfungsi sebagai leher, sehingga bisa disibilang membran tersebut merupakan leher dari kupu-kupu. Selain itu thorax kupu-kupu memiliki ruas-ruas yang berbentuk kotak, serta kuat. Bagian ini merupakan bagian yang vital sebab thorax ini berisi otot – otot yang menjadikannya kuat, sehingga kupu-kupu dapat bergerak dan terbang. Kaki atau tungkai kupu-kupu memiliki ruas, dan bukan hanya satu, yaitu ruas dasar atau koksa, sendi paha atau trokanter, femur, tibia serta tasus. Untuk tarsus sendiri dilengkapidengan beberapa ruas serta memiliki kuku, untuk saat ini jumlah tarsus dari kupu-kupu tidak dapat dipastikan karena tergantung, jenis kupu-kupu dan kelamin kupu-kupu. Kupu-kupu memiliki kaki depan yang sensitif, karena berfungsi sebagai alat dalam mengenal lawan jenis atau bungan. Selai itu kaki depan ini biasanya  dilengkapi dengan spina dengan fungsi untuk membantu kupu-kupu dalam berjalan. Pada bagian dada ini juga dilengkapi sayap, dengan fungsi sebagai alat gerak kupu-kupu (terbang). Sayap kupu-kupu memiliki ukuran yang tipis, serta menempel ke dada atau thorax. Pada dasarnya sayap kupu-kupu tidaklah berwarna, akan tetapi warna yang dihasilkan merupakan warna dari sisik yang menutupi sayap. Akan tetapi tidak semua kupu-kupu memiliki sayap.","kupu-kupu","Serangga"
"Belalang kayu ini memiliki bentuk tubuh yang terdiri dari 3 bagian utama, yaitu kepala, dada ( thorak ) dan perut ( abdomen ). Belalang kayu juga  memiliki 6 kaki yang bersendi, 2 pasang sayap, dan 2 antena. Kaki bagian belakang panjang yang digunakan untuk melompat dengan jauh dan tinggi, sedangkan kaki bagian depan pendek digunakan untuk berjalan. Belalang juga memiliki pendengaran yang tajam, meskipun tidak memiliki telinga. Alat pendengar belalang ini hampir disebut dengan nama tympanum dan terletak pada abdmon ( perut ) dekat bagian sayap. Typnpanum ini berbentuk sebuah disk bulat besar yang terdiri dari beberapa bagian prosesor dan memiliki syaraf uang digunakan untuk memantau getaran dari udara. Mata yang sederhana berfungsi untuk merasakan intensitas cahaya, mata belalang yang besar berfungsi untuk mencakup penglihatan yang luas. Belalang kayu juga memiliki 5 mata ( 2 compound eye dan 3 ecelli ). Belalang kayu ini termasuk hewan serangga yang bernafas menggunakan trakea, dan masuk kedalam kelompok hewa berkerangka luas ( exoskeleton ). Belalang kayu dewasa betina memiliki ukuran lebih besar dibandingkan dengan belalang jantan dewasa  yaitu berkisar 58-71 mm sedangkan belalang jantan dewasa berkisar 49-63 mm dengan berat tubuh rata – rata mencapai 2-3 gram. Belalang kebanyakan memakan tumbuhan yang berarti termasuk hewan herbivora. Beberapa spesies hidup di tanaman inang dan memakan daun, bunga, batang dan bijinya. Spesies belalang lain memakan apa yang mereka temukan di tanah, seperti potongan daun dan bunga, biji bahkan serangga mati. Tapi belalang bisa pilih-pilih tentang makanan mereka. Mereka sering mencicipi makanan sebelum mulai dikonsumsi. Biasanya, belalang memilih makanan yang menghasilkan asam amino, gula dan vitamin yang tepat.","belalang kayu","Serangga"
"Kuda laut adalah jenis ikan yang hidup di laut dari genus Hippocampus dan famili Syngnathidae. Hewan dengan ukuran yang bervariasi antara 16 mm (untuk spesies Hippocampus denise) sampai 35 cm ini dapat ditemukan di perairan tropis dan menengah di seluruh dunia. Kuda laut merupakan satu-satunya spesies yang jantannya dapat hamil.

Sirip dorsal pada kuda laut terletak pada bagian bawah sedangkan sirip pektoralnya terletak pada bagian kepala, di dekat insang. Beberapa spesies kuda laut berwarna transparan sebagian, sehingga tidak mudah terlihat.

Populasi kuda laut terancam karena penangkapan yang berlebihan. Kuda laut dimanfaatkan pada herbologi tradisional Tiongkok dan sebanyak 20 juta kuda laut telah ditangkap setiap tahunnya untuk keperluan ini. Impor ekspor kuda laut diatur dalam CITES sejak 15 Mei 2004.","Kuda Laut","Ikan"
"Landak laut atau disebut juga bulu babi (Echinoidea) merupakan hewan laut yang berbentuk bundar dan memiliki duri pada kulitnya yang dapat digerakkan. Binatang ini terbagi menjadi sekitar 950 spesies dan dapat ditemukan mulai dari daerah pasang surut sampai di kedalaman 5.000 meter.","Bulu Babi","Ikan"
"Kijang atau muncak adalah kerabat rusa yang tergabung dalam genus Muntiacus. Kijang berasal dari Dunia Lama dan dianggap sebagai jenis rusa tertua, telah ada sejak 15-35 juta tahun yang lalu, dengan sisa-sisa dari masa Miosen ditemukan di Prancis dan Jerman.

Pada masa sekarang, muncak hanya dapat ditemui di Asia Selatan dan Asia Tenggara, mulai dari India, Srilangka, Indocina, hingga kepulauan Nusantara. Beberapa jenis diintroduksi di Inggris dan sekarang banyak dijumpai di sana.

Kijang tidak mengenal musim kawin dan dapat kawin kapan saja, tetapi perilaku musim kawin muncul bila kijang dibawa ke daerah beriklim sedang. Jantannya memiliki tanduk pendek yang dapat tumbuh bila patah.

Hewan ini sekarang menarik perhatian penelitian evolusi molekular karena memiliki variasi jumlah kromosom yang dramatis dan ditemukannya beberapa jenis baru (terutama di Indocina).","Kijang","Mamalia"
"Burung walet (Collocalia vestita) merupakan burung dengan sayap meruncing, berekor panjang, berwarna hitam dengan bagian bawah tubuhnya berwarna coklat. Burung walet hidup di pantai serta daerah permukiman, menghuni gua atau ruang besar, seperti bubungan kosong. Burung Walet tidak dapat bertengger karena memiliki kaki yang sangat pendek sehingga sangat jarang berdiri di atas tanah tetapi bisa menempel pada dinding tembok atau atap. Mampu terbang ditempat gelap dengan bantuan Ekolokasi. Bersarang secara berkelompok dengan sarang yang dibuat dari air liur. Sarang ini banyak diperdagangkan orang untuk dibuat sup atau bahan obat-obatan.[1]

Habitat atau kumpulan komunitas Burung walet hanya ditemui di lingkup Asia Tenggara burung walet banyak sekali dijumpai di Indonesia, Malaysia, Thailand, Vietnam, Filipina Kamboja, dan Laos, Burung Walet tidak di temui di negara Eropa, Amerika, ataupun di benua afrika. Hal ini dikarenan perkembang biakan burung walet harus di daerah yang beriklim tropis dengan curah hujan yang tinggi. karena berpengaruh dengan unsur kelembapan sebagai faktor berkembang biaknya habitat spesies atau populasi dari burung walet.","Walet","Burung"
"Merpati dan dara termasuk dalam famili Columbidae atau burung berparuh merpati dari ordo Columbiformes, yang mencakup sekitar 300 spesies burung kerabat pekicau. Dalam percakapan umum, istilah ""dara"" dan ""merpati"" dapat saling menggantikan. Dalam praktik ornitologi, terdapat suatu kecenderungan ""dara"" digunakan untuk spesies yang lebih kecil dan ""merpati"" untuk yang besar, tetapi hal ini tidak secara konsisten diterapkan, dan secara historis nama umum untuk burung-burung tersebut memiliki banyak variasi antara istilah ""dara"" dan ""merpati."" Famili ini terdapat di seluruh dunia, tetapi varietas terbesar terdapat di Indomalaya dan Ekozona Australasia. Dara dan merpati muda disebut ""squabs.""

Merpati dan dara adalah burung berbadan gempal dengan leher pendek dan paruh ramping pendek dengan cere berair. Spesies yang umumnya dikenal sebagai ""merpati"" adalah merpati karang liar, umum digunakan di banyak kota.

Dara dan merpati membangun sangkarnya dari ranting dan sisa-sisa lainnya, yang ditempatkan di pepohonan, birai, atau tanah, tergantung spesiesnya. Mereka mengerami satu atau dua telur, dan kedua induknya sangat memedulikan anaknya, yang akan meninggalkan sangkarnya setelah 7 hingga 28 hari.[1] Dara makan biji, buah dan tanaman. Tidak seperti kebanyakan burung lainnya (namun lihat juga flamingo), dara dan merpati menghasilkan ""susu tembolok."" Kedua jenis kelamin menghasilkan zat bernutrisi tinggi ini untuk memberi makan anaknya.","Merpati","Burung"
"Trenggiling (juga disebut sebagai pemakan-semut bersisik) adalah mamalia dari ordo Pholidota. Satu keluarga yang masih ada, Manidae, memiliki tiga genera, Manis yang terdiri dari empat spesies yang hidup di Asia, Phataginus yang terdiri dari dua spesies hidup di Afrika, dan Smutsia yang terdiri dari dua spesies juga tinggal di Afrika.[2] Spesies ini berbagai ukuran dari 30 100 cm (12-39 in). Sejumlah spesies trenggiling punah juga diketahui. Nama pangolin berasal dari kata Melayu ""pengguling"". Trenggiling ditemukan secara alami di daerah tropis di seluruh Afrika dan Asia.","Trenggiling","Mamalia"
"Koala (Phascolarctos cinereus) adalah salah satu binatang berkantung (marsupial) khas dari Australia dan merupakan wakil satu-satunya dari keluarga Phascolarctidae.

Pada umumnya, banyak dikatakan bahwa kata koala berasal dari bahasa Australia pribumi yang berarti tidak minum. Koala sebenarnya minum air tetapi sangat jarang karena makanannya, daun ekaliptus, sudah mengandung cukup air sehingga koala tidak perlu turun dari pohon untuk minum.

Koala dapat ditemukan di sepanjang pesisir timur Australia mulai dari Adelaide sampai ke Semenanjung Cape York, dan sampai jauh ke pedalaman karena terdapat curah hujan yang cukup untuk mendukung hutan yang cocok bagi koala.

Koala mirip dengan wombat (saudara terdekat mereka), namun memiliki bulu yang lebih tebal dan lembut, telinga yang lebih besar, dan kaki-tangan yang lebih panjang dilengkapi dengan cakar yang besar dan panjang untuk membantunya memanjat.

Beratnya bervariasi mulai dari 14 kg untuk jantan selatan yang besar, sampai 5 kg untuk betina utara yang kecil. Mereka biasanya diam, akan tetapi koala jantan memiliki teriakan penarik yang kuat yang dapat didengar hampir satu kilometer pada musim kawin.

Koala hidup hanya dari daun ekaliptus. Daun ekaliptus mengandung protein dalam jumlah rendah, zat tak tercerna dalam kadar tinggi, dan mengandung senyawa fenol dan terpena yang beracun bagi spesies lain. Seperti wombat dan kukang, koala memiliki tingkat metabolisme yang rendah untuk seekor mamalia serta istirahat tanpa bergerak sekitar 20 jam sehari, dan kebanyakan waktu tersebut digunakan untuk tidur. Mereka makan tidak tergantung waktu, tetapi biasanya pada malam hari. Koala umumnya memakan 500 gram daun eucalyptus per hari, mengunyah mereka sampai menjadi pasta yang halus sebelum menelannya. Hatinya memisahkan bahan beracun dan siap untuk dibuang, dan ""hind gut""nya (terutama caecum) lebih cenderung untuk mengambil jumlah nutrisi maksimum dari makanan yang berkualitas rendah.","Koala","Mamalia"
"Simpanse adalah anggota dari keluarga Hominidae, bersama dengan gorila, manusia, dan orangutan. Simpanse terpisah dengan manusia dalam ranting keluarga sekitar 4 - 6 juta tahun lalu. Dua spesies simpanse di atas adalah kerabat terdekat manusia, semuanya anggota dari suku Hominini (berikut dengan spesies yang punah dari sub-suku Hominina). Simpanse satu-satunya anggota yang diketahui dari sub-suku Panina. Kedua spesies Pan tersebut terpisah sekitar 1 juta tahun lalu.
Kebanyakan simpanse jantan memiliki tinggi 1.7 m saat berdiri, dan memiliki berat 70 kg; yang betina lebih kecil. Panjang tangan simpanse umumnya, bila dilebarkan, memiliki rentang satu setengah kali tinggi badan dan tangan simpanse lebih panjang dari kakinya.[6] Bonobo sedikit pendek dan kurus daripada kebanyakan simapanse tetapi memiliki tungkai yang lebih panjang. Kedua spesies menggunakan tangannya yang panjang dan kuat untuk memanjat pohon. Di tanah, simpanse biasanya berjalan menggunakan keempatnya dengan bantuan baku tangan dan kepalan tangan, sebuah bentuk tenaga penggerak yang disebut dengan knuckle-walking. Kaki simpanse lebih cocok untuk berjalan dibandingkan orangutan karena telapak kaki simpanse lebih luas dan jempol yang pendek. Simpanse biasa dan bonobo dapat berjalan tegak dengan dua kaki saat membawa barang dengan kedua tangannya. Bonobo secara proporsional memiliki tungkai lebih panjang dan cenderung sering berjalan tegak dibandingkan Simpanse Biasa. Kulitnya lebih gelap; wajah, tangan, telapak tangan dan kaki tidak berbulu; dan simpanse tidak memiliki ekor. Kedua spesies memiliki warna pada kulit luar wajah, tangan dan kaki yang beragam dari merah jambu sampai berwarna gelap, tetapi memiliki warna lebih terang pada saat muda, menjadi lebih gelap saat menua. Penelitian Universitas Chicago Medical Center menemukan perbedaan genetis yang signifikan antara populasi simpanse.[7] Tonjolan bertulang diatas mata memberikan tampilan mundur pada dahi, dan hidungnya datar. Walaupun dengan mulut menonjol, bibirnya hanya mendorong kedepan saat simpanse mencibir. Otak simpanse setengah dari ukuran otak manusia.[8]

Testikel simpanse lebih besar untuk ukuran badannya, dengan kombinasi berat sekitar 110 gram dibandingkan dengan gorilla 28 gram atau manusia 43 g. Hal ini secara umum diatribusikan pada kompetisi sperma karena sifat poliandri alamiah pada perilaku perkawinan simpanse.[9] Simpanse mencapai masa puberti pada umur antara 8 dan 10 tahun, dan jarang hidup melebihi umur 40 di alam liar, tetapi diketahui hidup sampai 60 tahun selama penangkaran.","Simpanse","Mamalia"
"Kutu mengacu pada berbagai artropoda berukuran kecil hingga sangat kecil. Nama ini dipakai untuk sejumlah krustasea air kecil (seperti kutu air), serangga (seperti kutu kepala dan kutu daun), serta — secara salah kaprah — berbagai anggota Acarina (tungau dan caplak, yang berkerabat lebih dekat dengan laba-laba daripada serangga). Semua disebut ""kutu"" karena ukurannya yang kecil. Dengan demikian, pengertian awam istilah ini tidak memiliki arti taksonomi.

Dalam arti lebih sempit, kutu adalah serangga yang tidak bersayap dan berukuran kecil, yang dalam bahasa Inggris mencakup flea (kutu yang melompat, ordo Siphonaptera) dan louse (kutu yang lebih suka merayap, kebanyakan ordo Phtiraptera yang semuanya adalah parasit). Dalam bahasa Indonesia keduanya tidak dibedakan, malah mencakup juga sebagian dari kerabat wereng (ordo Hemiptera) dan beberapa anggota ordo Coleoptera. Untuk menjelaskan, diberi keterangan di belakang kata ""kutu"". Para biologiwan berusaha mendayagunakan kata tuma bagi kelompok Phtiraptera, walaupun menyadari terdapat kesulitan dalam penerapannya.","Kutu","Serangga"
"Sidat atau belut (ordo Anguilliformes) atau yang biasa di sebut belut adalah kelompok ikan yang memiliki tubuh berbentuk menyerupai ular. Ikan ini masuk dalam Ordo Anguilliformes, yang terdiri atas 4 subordo, 19 famili, 110 genera, dan 400 spesies. Kebanyakan hidup di laut namun ada pula yang hidup di air tawar.","Belut","Ikan"
"Kura-kura dan penyu adalah hewan bersisik berkaki empat yang termasuk golongan reptil. Bangsa hewan yang disebut (ordo) Testudinata (atau Chelonians) ini khas dan mudah dikenali dengan adanya ‘rumah’ atau batok (bony shell) yang keras dan kaku.

Batok kura-kura ini terdiri dari dua bagian. Bagian atas yang menutupi punggung disebut karapas (carapace) dan bagian bawah (ventral, perut) disebut plastron. Kemudian setiap bagiannya ini terdiri dari dua lapis. Lapis luar umumnya berupa sisik-sisik besar dan keras, dan tersusun seperti genting; sementara lapis bagian dalam berupa lempeng-lempeng tulang yang tersusun rapat seperti tempurung. Perkecualian terdapat pada kelompok labi-labi (Trionychoidea) dan jenis penyu belimbing, yang lapis luarnya tiada bersisik dan digantikan lapisan kulit di bagian luar tempurung tulangnya.

Dalam bahasa Indonesia, kita mengenal tiga kelompok hewan yang termasuk bangsa ini, yalah penyu (bahasa Inggris: sea turtles), labi-labi atau bulus (freshwater turtles), dan kura-kura (tortoises). Dalam bahasa Inggris, dibedakan lagi antara kura-kura darat (land tortoises) dan kura-kura air tawar (freshwater tortoises atau terrapins).Kura-kura hidup di berbagai tempat, mulai daerah gurun, padang rumput, hutan, rawa, sungai dan laut. Sebagian jenisnya hidup sepenuhnya akuatik, baik di air tawar maupun di lautan. Kura-kura ada yang bersifat pemakan tumbuhan (herbivora), pemakan daging (karnivora) atau campuran (omnivora).

Kura-kura tidak memiliki gigi. Akan tetapi perkerasan tulang di moncong kura-kura sanggup memotong apa saja yang menjadi makanannya.

Ukuran tubuh kura-kura bermacam-macam, ada yang kecil ada yang besar. Biasanya ditunjukkan dengan panjang karapasnya (CL, carapace length). Kura-kura terbesar adalah penyu belimbing, yang karapasnya dapat mencapai panjang 300 cm. Labi-labi terbesar adalah labi-labi moncong babi, dengan panjang karapas sekitar 0.7 meter. Sementara kura-kura raksasa dari Kep. Galapagos dan Kep. Seychelles panjangnya dapat melebihi 0.7 meter. Sedangkan yang terkecil adalah kura-kura mini dari Afrika Selatan, yang panjang karapasnya tidak melebihi 8 cm.

Kura-kura berbiak dengan bertelur (ovipar). Sejumlah beberapa butir (pada kura-kura darat) hingga lebih dari seratus butir telur (pada beberapa jenis penyu) diletakkan setiap kali bertelur, biasanya pada lubang pasir di tepi sungai atau laut, untuk kemudian ditimbun dan dibiarkan menetas dengan bantuan panas matahari. Telur penyu menetas kurang lebih setelah dua bulan (50-70 hari) tersimpan di pasir.

Jenis kelamin anak kura-kura yang bakal lahir salah satunya ditentukan oleh suhu pasir tempat telur-telur itu tersimpan. Pada kebanyakan jenis kura-kura, suhu di atas rata-rata kebiasaan akan menghasilkan hewan betina. Dan sebaliknya, suhu di bawah rata-rata cenderung menghasilkan banyak hewan jantan.

Kura-kura termasuk salah satu jenis hewan yang berumur panjang. Reptil ini dapat hidup puluhan tahun, bahkan seekor kura-kura darat dari Kep. Seychelles tercatat hidup selama 152 tahun (1766 – 1918).

Bagaimana batok kura-kura itu terbentuk dan berkembang dalam proses evolusinya, belum diperoleh keterangan yang jelas. Fosil kura-kura tertua kedua yang berasal dari Masa Trias (sekitar 210 juta tahun silam), Proganochelys, telah berbentuk mirip dengan kura-kura masa kini. Perbedaannya, tulang belulang di bagian punggung belum begitu melebar dan belum semuanya menyatu membentuk tempurung yang sempurna. Kura-kura purba hidup dan berkembang kurang lebih sejaman dengan dinosaurus. Archelon, misalnya, merupakan kura-kura raksasa yang diameter tubuhnya dapat mencapai lebih dari 4 m. Fosil kura-kura tertua yang ditemukan saat ini adalah Odontochelys yang berasal dari sekitar 2 tahun silam.

Banyak jenis kura-kura yang hidup sekarang mampu menyembunyikan kepala, kaki dan ekornya ke dalam tempurungnya, sehingga dapat menyelamatkan diri. Namun beberapa kura-kura primitif, seperti contohnya penyu, tak dapat menarik masuk anggota badannya itu.","Kura - Kura","Amfibi"
"enyu adalah kura-kura laut yang ditemukan di semua samudra di dunia. Menurut data para ilmuwan, penyu sudah ada sejak akhir zaman Jura (145 - 208 juta tahun yang lalu) atau seusia dengan dinosaurus. Pada masa itu Archelon, yang berukuran panjang badan enam meter, dan Cimochelys telah berenang di laut purba seperti penyu masa kini.

Penyu memiliki sepasang tungkai depan yang berupa kaki pendayung yang memberinya ketangkasan berenang di dalam air. Walaupun seumur hidupnya berkelana di dalam air, sesekali hewan kelompok vertebrata, kelas reptilia itu tetap harus sesekali naik ke permukaan air untuk mengambil napas. Itu karena penyu bernapas dengan paru-paru. Penyu pada umumnya bermigrasi dengan jarak yang cukup jauh dengan waktu yang tidak terlalu lama. Jarak 3.000 kilometer dapat ditempuh 58 - 73 hari.

Penyu mengalami siklus bertelur yang beragam, dari 2 - 8 tahun sekali. Sementara penyu jantan menghabiskan seluruh hidupnya di laut, betina sesekali mampir ke daratan untuk bertelur. Penyu betina menyukai pantai berpasir yang sepi dari manusia dan sumber bising dan cahaya sebagai tempat bertelur yang berjumlah ratusan itu, dalam lubang yang digali dengan sepasang tungkai belakangnya. Pada saat mendarat untuk bertelur, gangguan berupa cahaya ataupun suara dapat membuat penyu mengurungkan niatnya dan kembali ke laut, juga penyu menggunakan magnetism bumi sebagai bantuan untuk kembali ke kampung halamannya ketika saat masih menjadi tukik, dan kembali saat sudah dewasa untuk bertelur.

Penyu yang menetas di perairan pantai Indonesia ada yang ditemukan di sekitar kepulauan Hawaii. Penyu diketahui tidak setia pada tempat kelahirannya.

Tidak banyak regenerasi yang dihasilkan seekor penyu. Dari ratusan butir telur yang dikeluarkan oleh seekor penyu betina, paling banyak hanya belasan tukik (bayi penyu) yang berhasil sampai ke laut kembali dan tumbuh dewasa. Itu pun tidak memperhitungkan faktor perburuan oleh manusia dan pemangsa alaminya seperti kepiting, burung dan tikus di pantai, serta ikan-ikan besar begitu tukik tersebut menyentuh perairan dalam.

Di tempat-tempat yang populer sebagai tempat bertelur penyu biasanya sekarang dibangun stasiun penetasan untuk membantu meningkatkan tingkat kelulushidupan (survival)","Penyu","Ikan"
"Lintah dan pacet adalah hewan yang tergabung dalam filum Annelida subkelas Hirudinea. Terdapat jenis lintah yang dapat hidup di daratan, air tawar, dan laut. Seperti halnya kerabatnya, Oligochaeta, mereka memiliki klitelum untuk menyimpan telur-telur pada segmen-segmen tertentu. Seperti Oligochaeta, lintah juga hermafrodit (berkelamin ganda). Lintah obat Eropa, Hirudo medicinalis, telah sejak lama dimanfaatkan untuk pengeluaran darah (plebotomi) secara medis.

Lintah dibedakan dari pacet bukan berdasarkan taksonomi, tetapi lebih pada habitat kesukaannya. Lintah sehari-hari hidup di air, sedangkan pacet sehari-harinya melekat pada daun atau batang pohon (di luar air).

Semua spesies lintah adalah karnivora. Beberapa merupakan predator, mendapat makanan dari berbagai jenis invertebrata seperti cacing, siput, atau larva serangga.","Lintah","Invertebrata"
"Cacing tanah adalah cacing berbentuk tabung dan tersegmentasi dalam filum Annelida. Mereka umumnya ditemukan hidup di tanah, memakan bahan organik hidup dan mati. Sistem pencernaan berjalan melalui panjang tubuhnya. Cacing tanah melakukan respirasi melalui kulitnya. Cacing tanah memiliki sistem transportasi ganda terdiri dari cairan selom yang bergerak dalam selom yang berisi cairan dan sistem peredaran darah tertutup sederhana. Memiliki sistem saraf pusat dan perifer. Sistem saraf pusat terdiri dari dua ganglia atas mulut, satu di kedua sisi, terhubung ke tali saraf berlari kembali sepanjang panjangnya ke neuron motor dan sel-sel sensorik di setiap segmen. Sejumlah besar kemoreseptor terkonsentrasi di dekat mulutnya. Otot melingkar dan longitudinal di pinggiran setiap segmen memungkinkan cacing untuk bergerak. Set yang sama otot garis usus, dan tindakan mereka memindahkan makanan mencerna menuju anus cacing.[2]

Cacing tanah adalah hermafrodit - masing-masing individu membawa kedua organ seks pria dan wanita. Mereka tidak memiliki kerangka internal atau eksoskeleton, tetapi mempertahankan struktur mereka dengan ruang coelom cairan yang berfungsi sebagai rangka hidrostatik.

""Cacing tanah"" adalah nama umum untuk anggota terbesar dari Oligochaeta (yang merupakan kelas atau upakelas tergantung pada penulis). Dalam sistem klasik, mereka ditempatkan dalam ordo Opisthopora, atas dasar pori-pori jantan membuka posterior ke pori-pori betina, meskipun segmen jantan internal anterior ke betina. Studi kladistik teoretis telah menempatkan mereka, sebaliknya, dalam subordo Lumbricina dari ordo Haplotaxida, tetapi ini mungkin lagi segera berubah.

Cacing tanah darat yang lebih besar juga disebut megadriles (atau cacing besar), yang bertentangan dengan microdriles (atau cacing kecil) di familia semiakuatik Tubificidae, Lumbriculidae, dan Enchytraeidae, antara lain. Megadriles ditandai dengan memiliki klitelum yang berbeda (yang lebih luas daripada microdriles) dan sistem vaskular dengan kapiler benar.

Cacing tanah jauh lebih melimpah di lingkungan terganggu dan biasanya aktif hanya jika air hadir.

Cacing tanah jenis Lumbricus mempunyai bentuk tubuh pipih.[butuh rujukan] Jumlah segmen yang dimiliki sekitar 90-195 dan klitelum yang terletak pada segmen 27-32.[butuh rujukan] Biasanya jenis ini kalah bersaing dengan jenis yang lain sehingga tubuhnya lebih kecil.[butuh rujukan] Tetapi bila diternakkan besar tubuhnya bisa menyamai atau melebihi jenis lain.[butuh rujukan]

Cacing tanah jenis Pheretima segmennya mencapai 95-150 segmen.[butuh rujukan] Klitelumnya terletak pada segmen 14-16.[butuh rujukan] Tubuhnya berbentuk gilik panjang dan silindris berwarna merah keunguan. Cacing tanah yang termasuk jenis Pheretima antara lain cacing merah, cacing koot dan cacing kalung.","Cacing Tanah","Invertebrata"
"Marmot adalah sejenis hewan pengerat yang tergolong familia Sciuridae (bajing) dengan genus Marmota.

Marmot umumnya hidup di daerah pegunungan, seperti Alpen atau Pirenia di Eropa, Pegunungan Rocky atau Sierra Nevada di Amerika Serikat, dan Kanada bagian utara. Marmot umumnya membuat sarang di dalam tanah dan melakukan hibernasi selama musim dingin. Kebanyakan marmot tergolong hewan sosial; marmot berkomunikasi satu sama lain dengan siulan nyaring, terutama jika merasa ada bahaya.

Nama marmot berasal dari bahasa Latin mures monti (""tikus gunung""), dari bahasa Latin Klasik mures alpini (""tikus Alpen"").

Hewan lain yang berukuran serupa tetapi lebih bersifat sosial, anjing prairi, tidak digolongkan dalam genus Marmota, tetapi dalam genus Cynomys. Sementara itu, dalam bahasa Indonesia, tikus belanda (guinea pig) sering disebut juga sebagai marmot, walaupun sebenarnya hewan pengerat tersebut berasal yang tergolong familia yang berbeda.

Makanan utama marmot ialah tumbuh-tumbuhan, misalnya rumput-rumputan, buah beri, lumut kerak, lumut daun, akar-akaran, dan bunga.","Marmot","Mamalia"
